filename,category
10070224.pdf,PUBLIC-RELATIONS
10724818.pdf,SALES
11584809.pdf,INFORMATION-TECHNOLOGY
11624880.pdf,PUBLIC-RELATIONS
11635137.pdf,PUBLIC-RELATIONS
11813872.pdf,AGRICULTURE
11842274.pdf,PUBLIC-RELATIONS
11902276.pdf,BUSINESS-DEVELOPMENT
11943065.pdf,TEACHER
12472574.pdf,ENGINEERING
12693146.pdf,CONSTRUCTION
12826414.pdf,CONSTRUCTION
13199813.pdf,BUSINESS-DEVELOPMENT
13330982.pdf,TEACHER
14966165.pdf,PUBLIC-RELATIONS
15118506.pdf,INFORMATION-TECHNOLOGY
15261348.pdf,CHEF
15973307.pdf,SALES
16449694.pdf,AVIATION
16492045.pdf,BPO
17008356.pdf,AVIATION
17111768.pdf,INFORMATION-TECHNOLOGY
17431847.pdf,FITNESS
17641670.pdf,INFORMATION-TECHNOLOGY
17704246.pdf,SALES
17714174.pdf,APPAREL
18067556.pdf,INFORMATION-TECHNOLOGY
18159866.pdf,INFORMATION-TECHNOLOGY
18937778.pdf,BUSINESS-DEVELOPMENT
19072267.pdf,PUBLIC-RELATIONS
19503224.pdf,PUBLIC-RELATIONS
19540089.pdf,FINANCE
19796840.pdf,INFORMATION-TECHNOLOGY
20001721.pdf,INFORMATION-TECHNOLOGY
20566550.pdf,ENGINEERING
20674668.pdf,INFORMATION-TECHNOLOGY
20691949.pdf,CHEF
20836112.pdf,FINANCE
21611637.pdf,CHEF
21663616.pdf,PUBLIC-RELATIONS
22047665.pdf,SALES
22551979.pdf,TEACHER
22718826.pdf,CONSTRUCTION
23771896.pdf,PUBLIC-RELATIONS
24402267.pdf,HR
24668861.pdf,ENGINEERING
24710433.pdf,PUBLIC-RELATIONS
24727739.pdf,BPO
24791126.pdf,TEACHER
25070914.pdf,PUBLIC-RELATIONS
25625173.pdf,AVIATION
25676643.pdf,HR
25718772.pdf,AVIATION
26341987.pdf,DIGITAL-MEDIA
26746496.pdf,INFORMATION-TECHNOLOGY
26908066.pdf,BUSINESS-DEVELOPMENT
26921245.pdf,AGRICULTURE
27090089.pdf,HEALTHCARE
27126818.pdf,TEACHER
27176039.pdf,ADVOCATE
27257013.pdf,PUBLIC-RELATIONS
27372171.pdf,INFORMATION-TECHNOLOGY
27531694.pdf,TEACHER
28642819.pdf,TEACHER
28790806.pdf,AUTOMOBILE
28897981.pdf,INFORMATION-TECHNOLOGY
29051656.pdf,INFORMATION-TECHNOLOGY
29134721.pdf,SALES
29193505.pdf,CONSTRUCTION
29297393.pdf,HR
29399491.pdf,SALES
29525715.pdf,PUBLIC-RELATIONS
29723311.pdf,CONSULTANT
30968749.pdf,DESIGNER
31111279.pdf,INFORMATION-TECHNOLOGY
31220062.pdf,PUBLIC-RELATIONS
32959732.pdf,INFORMATION-TECHNOLOGY
33072201.pdf,PUBLIC-RELATIONS
33381211.pdf,INFORMATION-TECHNOLOGY
34465087.pdf,TEACHER
34792238.pdf,FITNESS
36671891.pdf,PUBLIC-RELATIONS
36904300.pdf,SALES
37242217.pdf,INFORMATION-TECHNOLOGY
37660306.pdf,TEACHER
40018190.pdf,INFORMATION-TECHNOLOGY
41590605.pdf,PUBLIC-RELATIONS
42641525.pdf,AVIATION
46260230.pdf,INFORMATION-TECHNOLOGY
49285644.pdf,TEACHER
58208591.pdf,APPAREL
59346975.pdf,PUBLIC-RELATIONS
60182829.pdf,BANKING
68240723.pdf,DESIGNER
69764348.pdf,CONSTRUCTION
70750649.pdf,APPAREL
73075521.pdf,CONSULTANT
86322251.pdf,TEACHER
90867631.pdf,INFORMATION-TECHNOLOGY
98513424.pdf,FINANCE
